,medicine,f1-score,precision,recall,TP,FP,TN,FN
0,麻黃,0.9230769230769231,0.9026548672566371,0.9444444444444444,102,11,518,6
1,桂枝,0.9721706864564007,0.9776119402985075,0.966789667896679,262,6,360,9
2,細辛,0.9777777777777779,0.9943502824858758,0.9617486338797814,176,1,453,7
3,生薑,0.9526462395543176,0.9661016949152542,0.9395604395604396,171,6,449,11
4,柴胡,0.973621103117506,0.9575471698113207,0.9902439024390244,203,9,423,2
5,石膏,0.9257142857142856,0.8901098901098901,0.9642857142857143,81,10,543,3
6,知母,0.9488372093023255,0.918918918918919,0.9807692307692307,102,9,524,2
7,黃連,0.9788732394366197,0.9652777777777778,0.9928571428571429,139,5,492,1
8,黃芩,0.9900990099009901,0.9920634920634921,0.9881422924901185,250,2,382,3
9,龍膽草,0.9647058823529412,0.9534883720930233,0.9761904761904762,82,4,549,2
10,大黃,0.8705882352941177,0.7708333333333334,1.0,111,33,493,0
11,茯苓,0.970873786407767,0.9803921568627451,0.9615384615384616,200,4,425,8
12,澤瀉,0.9775784753363229,0.990909090909091,0.9646017699115044,218,2,409,8
13,乾薑,0.9818181818181817,0.9782608695652174,0.9854014598540146,135,3,497,2
14,附子,0.9773584905660377,0.9885496183206107,0.9664179104477612,259,3,366,9
15,枳實,0.9837837837837838,1.0,0.9680851063829787,91,0,543,3
16,烏藥,0.9940119760479043,1.0,0.9880952380952381,83,0,553,1
17,厚朴,0.8584474885844748,0.752,1.0,94,31,512,0
18,茜草,0.9949238578680203,1.0,0.98989898989899,98,0,538,1
19,川芎,0.9653179190751445,0.9653179190751445,0.9653179190751445,167,6,458,6
20,鬱金,0.9836065573770493,0.9782608695652174,0.989010989010989,90,2,544,1
21,半夏,0.9545454545454546,0.9423076923076923,0.9671052631578947,147,9,476,5
22,牡蠣,0.9767441860465116,0.9905660377358491,0.963302752293578,105,1,527,4
23,白朮,0.96045197740113,0.9659090909090909,0.9550561797752809,170,6,453,8
24,大棗,0.9101123595505619,0.8393782383419689,0.9938650306748467,162,31,443,1
25,甘草,0.9691011235955055,0.9829059829059829,0.9556786703601108,345,6,270,16
26,補骨脂,0.9935483870967742,1.0,0.9871794871794872,154,0,481,2
27,當歸,0.9904761904761905,0.9952153110047847,0.985781990521327,208,1,425,3
28,白芍,0.9765990639625585,0.9936507936507937,0.9601226993865031,313,2,309,13
29,阿膠,0.9761904761904762,0.9647058823529412,0.9879518072289156,82,3,551,1
30,炙甘草,0.9689608636977058,0.9972222222222222,0.9422572178477691,359,1,255,22
31,overall,0.9656527842770237,0.9614237793514723,0.9699191577364166,5159,207,14221,160
