,medicine,f1-score,precision,recall,TP,FP,TN,FN
0,麻黃,0.9383886255924171,0.9611650485436893,0.9166666666666666,99,4,525,9
1,桂枝,0.9716446124763705,0.9961240310077519,0.948339483394834,257,1,365,14
2,細辛,0.9777777777777779,0.9943502824858758,0.9617486338797814,176,1,453,7
3,生薑,0.9512893982808022,0.9940119760479041,0.9120879120879121,166,1,454,16
4,柴胡,0.9826302729528535,1.0,0.9658536585365853,198,0,432,7
5,石膏,0.9565217391304348,1.0,0.9166666666666666,77,0,553,7
6,知母,0.9705882352941176,0.99,0.9519230769230769,99,1,532,5
7,黃連,0.9891696750902527,1.0,0.9785714285714285,137,0,497,3
8,黃芩,0.9900199600798403,1.0,0.9802371541501976,248,0,384,5
9,龍膽草,0.9759036144578312,0.9878048780487805,0.9642857142857143,81,1,552,3
10,大黃,0.962962962962963,0.9904761904761905,0.9369369369369369,104,1,525,7
11,茯苓,0.9707317073170733,0.9851485148514851,0.9567307692307693,199,3,426,9
12,澤瀉,0.9775784753363229,0.990909090909091,0.9646017699115044,218,2,409,8
13,乾薑,0.9851851851851852,1.0,0.9708029197080292,133,0,500,4
14,附子,0.9772727272727273,0.9923076923076923,0.9626865671641791,258,2,367,10
15,枳實,0.9837837837837838,1.0,0.9680851063829787,91,0,543,3
16,烏藥,0.9940119760479043,1.0,0.9880952380952381,83,0,553,1
17,厚朴,0.9621621621621622,0.978021978021978,0.9468085106382979,89,2,541,5
18,茜草,0.9949238578680203,1.0,0.98989898989899,98,0,538,1
19,川芎,0.9671641791044775,1.0,0.9364161849710982,162,0,464,11
20,鬱金,0.9832402234636871,1.0,0.967032967032967,88,0,546,3
21,半夏,0.963210702341137,0.9795918367346939,0.9473684210526315,144,3,482,8
22,牡蠣,0.9767441860465116,0.9905660377358491,0.963302752293578,105,1,527,4
23,白朮,0.96045197740113,0.9659090909090909,0.9550561797752809,170,6,453,8
24,大棗,0.9517684887459806,1.0,0.9079754601226994,148,0,474,15
25,甘草,0.9689265536723164,0.9884726224783862,0.9501385041551247,343,4,272,18
26,補骨脂,0.9935483870967742,1.0,0.9871794871794872,154,0,481,2
27,當歸,0.9904306220095694,1.0,0.981042654028436,207,0,426,4
28,白芍,0.9768160741885625,0.9844236760124611,0.9693251533742331,316,5,306,10
29,阿膠,0.9815950920245399,1.0,0.963855421686747,80,0,554,3
30,炙甘草,0.9689608636977058,0.9972222222222222,0.9422572178477691,359,1,255,22
31,overall,0.9740545715653423,0.9923917284432305,0.9563827787178041,5087,39,14389,232
