,medicine,f1-score,precision,recall,TP,FP,TN,FN
0,桂枝,0.9703703703703704,0.9739776951672863,0.966789667896679,262,7,359,9
1,柴胡,0.9804878048780488,0.9804878048780488,0.9804878048780488,201,4,428,4
2,黃芩,0.9900990099009901,0.9920634920634921,0.9881422924901185,250,2,382,3
3,茯苓,0.970873786407767,0.9803921568627451,0.9615384615384616,200,4,425,8
4,澤瀉,0.9755011135857461,0.9820627802690582,0.9690265486725663,219,4,407,7
5,附子,0.9775280898876405,0.981203007518797,0.9738805970149254,261,5,364,7
6,甘草,0.9686609686609687,0.9970674486803519,0.9418282548476454,340,1,275,21
7,當歸,0.9904761904761905,0.9952153110047847,0.985781990521327,208,1,425,3
8,白芍,0.9768160741885625,0.9844236760124611,0.9693251533742331,316,5,306,10
9,炙甘草,0.9689608636977058,0.9972222222222222,0.9422572178477691,359,1,255,22
10,overall,0.9761194029850747,0.9871698113207548,0.9653136531365314,2616,34,3626,94
