,medicine,f1-score,precision,recall,TP,FP,TN,FN
0,麻黃,0.9230769230769231,0.9026548672566371,0.9444444444444444,102,11,518,6
1,桂枝,0.9718574108818012,0.9885496183206107,0.955719557195572,259,3,363,12
2,細辛,0.9700272479564033,0.967391304347826,0.9726775956284153,178,6,448,5
3,生薑,0.9502762430939227,0.9555555555555556,0.945054945054945,172,8,447,10
4,柴胡,0.9782082324455206,0.9711538461538461,0.9853658536585366,202,6,426,3
5,石膏,0.9257142857142856,0.8901098901098901,0.9642857142857143,81,10,543,3
6,知母,0.9488372093023255,0.918918918918919,0.9807692307692307,102,9,524,2
7,黃連,0.9788732394366197,0.9652777777777778,0.9928571428571429,139,5,492,1
8,黃芩,0.9900990099009901,0.9920634920634921,0.9881422924901185,250,2,382,3
9,龍膽草,0.9647058823529412,0.9534883720930233,0.9761904761904762,82,4,549,2
10,大黃,0.8705882352941177,0.7708333333333334,1.0,111,33,493,0
11,茯苓,0.9686746987951806,0.9710144927536232,0.9663461538461539,201,6,423,7
12,澤瀉,0.9755011135857461,0.9820627802690582,0.9690265486725663,219,4,407,7
13,乾薑,0.9818181818181817,0.9782608695652174,0.9854014598540146,135,3,497,2
14,附子,0.9774436090225564,0.9848484848484849,0.9701492537313433,260,4,365,8
15,枳實,0.9837837837837838,1.0,0.9680851063829787,91,0,543,3
16,烏藥,0.9940119760479043,1.0,0.9880952380952381,83,0,553,1
17,厚朴,0.9625668449197862,0.967741935483871,0.9574468085106383,90,3,540,4
18,茜草,0.9949238578680203,1.0,0.98989898989899,98,0,538,1
19,川芎,0.9653179190751445,0.9653179190751445,0.9653179190751445,167,6,458,6
20,鬱金,0.9836065573770493,0.9782608695652174,0.989010989010989,90,2,544,1
21,半夏,0.9573770491803278,0.954248366013072,0.9605263157894737,146,7,478,6
22,牡蠣,0.8780487804878049,0.7883211678832117,0.9908256880733946,108,29,499,1
23,白朮,0.9550561797752809,0.9550561797752809,0.9550561797752809,170,8,451,8
24,大棗,0.9054441260744986,0.8494623655913979,0.9693251533742331,158,28,446,5
25,甘草,0.96875,0.9941690962099126,0.9445983379501385,341,2,274,20
26,補骨脂,0.9837133550488599,1.0,0.967948717948718,151,0,481,5
27,當歸,0.9807692307692307,0.9951219512195122,0.966824644549763,204,1,425,7
28,白芍,0.9766718506998445,0.9905362776025236,0.9631901840490797,314,3,308,12
29,阿膠,0.9759036144578314,0.9759036144578314,0.9759036144578314,81,2,552,2
30,炙甘草,0.9689608636977058,0.9972222222222222,0.9422572178477691,359,1,255,22
31,overall,0.9642890617677383,0.9614953271028037,0.9670990787742056,5144,206,14222,175
