,medicine,f1-score,precision,recall,TP,FP,TN,FN
0,麻黃,0.9359605911330049,1.0,0.8796296296296297,95,0,529,13
1,桂枝,0.9716446124763705,0.9961240310077519,0.948339483394834,257,1,365,14
2,細辛,0.9776536312849162,1.0,0.9562841530054644,175,0,454,8
3,生薑,0.9512893982808022,0.9940119760479041,0.9120879120879121,166,1,454,16
4,柴胡,0.9828009828009828,0.9900990099009901,0.975609756097561,200,2,430,5
5,石膏,0.9565217391304348,1.0,0.9166666666666666,77,0,553,7
6,知母,0.9705882352941176,0.99,0.9519230769230769,99,1,532,5
7,黃連,0.9891696750902527,1.0,0.9785714285714285,137,0,497,3
8,黃芩,0.9900199600798403,1.0,0.9802371541501976,248,0,384,5
9,龍膽草,0.975609756097561,1.0,0.9523809523809523,80,0,553,4
10,大黃,0.9577464788732395,1.0,0.918918918918919,102,0,526,9
11,茯苓,0.9705882352941176,0.99,0.9519230769230769,198,2,427,10
12,澤瀉,0.9773755656108597,1.0,0.9557522123893806,216,0,411,10
13,乾薑,0.981549815498155,0.9925373134328358,0.9708029197080292,133,1,499,4
14,附子,0.9771863117870723,0.9961240310077519,0.9589552238805971,257,1,368,11
15,枳實,0.9438202247191011,1.0,0.8936170212765957,84,0,543,10
16,烏藥,0.9818181818181818,1.0,0.9642857142857143,81,0,553,3
17,厚朴,0.8074534161490684,0.9701492537313433,0.6914893617021277,65,2,541,29
18,茜草,0.9354838709677419,1.0,0.8787878787878788,87,0,538,12
19,川芎,0.9432835820895523,0.9753086419753086,0.9132947976878613,158,4,460,15
20,鬱金,0.8695652173913044,1.0,0.7692307692307693,70,0,546,21
21,半夏,0.875,0.9916666666666667,0.7828947368421053,119,1,484,33
22,牡蠣,0.8775510204081634,0.9885057471264368,0.7889908256880734,86,1,527,23
23,白朮,0.8888888888888888,0.9863013698630136,0.8089887640449438,144,2,457,34
24,大棗,0.872852233676976,0.9921875,0.7791411042944786,127,1,473,36
25,甘草,0.9551374819102749,1.0,0.9141274238227147,330,0,276,31
26,補骨脂,0.9837133550488599,1.0,0.967948717948718,151,0,481,5
27,當歸,0.985645933014354,0.9951690821256038,0.976303317535545,206,1,425,5
28,白芍,0.9671361502347418,0.987220447284345,0.9478527607361963,309,4,307,17
29,阿膠,0.9078947368421052,1.0,0.8313253012048193,69,0,554,14
30,炙甘草,0.953804347826087,0.9887323943661972,0.9212598425196851,351,4,252,30
31,overall,0.9539364303178485,0.9940888707704851,0.9169016732468509,4877,29,14399,442
